R2,RMSE,MAE
0.6400758286355943,392.92221624637466,286.1542114936908
