R2,RMSE,MAE
0.49099358776474566,409.3344981745621,293.91680693802107
